customer_id,first_name,last_name,email,phone,city,state,signup_date
1,Andrea,Fry,jerrybarr@nicholson-smith.biz,485.100.7891,West Christinaview,Vermont,2023-09-23
2,Robert,Parks,blackburnkayla@gmail.com,740-417-1944,Lake Jasonstad,Missouri,2024-09-24
3,Kenneth,Donaldson,karen93@hotmail.com,(138)260-3826,Ramosmouth,South Carolina,2025-03-08
4,Kristin,Davenport,william92@gmail.com,001-741-114-6522,Bryanton,Nevada,2024-02-09
5,Patricia,Ramirez,matthewwood@kane-brady.com,001-277-701-8967x581,Michaelport,North Dakota,2025-01-18
6,Dylan,Smith,joshuawells@phillips.com,3129726584,Lake Danielchester,Wyoming,2024-03-27
7,Emily,Sheppard,jenniferjacobson@gmail.com,+1-367-445-3751x21403,Colemanhaven,Texas,2023-11-19
8,Stephanie,Kim,clementssabrina@martinez-morales.com,001-482-719-7102x346,Churchside,Montana,2024-03-19
9,Jesus,Graham,sabrina59@frost.com,+1-322-898-5311x546,Gabriellahaven,Wisconsin,2024-06-10
10,Victor,Ward,jonathan20@gmail.com,001-273-268-4168x818,Jacksonhaven,Georgia,2023-10-08
11,Patricia,Sanders,robinsonryan@mccoy.com,611-463-6315x7268,Jonesfurt,Idaho,2024-04-18
12,Eric,Dudley,tsmith@garcia.info,(538)098-1649,South Christineburgh,Montana,2025-07-27
13,Lynn,Johnson,cheryldougherty@garcia.com,001-839-975-1890,East Keithton,Idaho,2023-08-22
14,Carol,Rose,bruceyoung@yahoo.com,538-924-1254,Lake Angela,Kentucky,2025-06-22
15,Kurt,Reynolds,qellis@merritt-johnson.org,+1-691-853-7366x68761,North Erichaven,Texas,2025-01-18
16,Katelyn,Golden,jonathan21@adams.org,1109911977,Kristinborough,Nevada,2023-09-03
17,Diane,Moore,crystaltate@jones.org,371.350.1020,South Phyllis,Massachusetts,2025-07-19
18,Janet,Wise,yspencer@branch.org,219.079.0978x2500,Watkinsfort,Mississippi,2025-04-20
19,Ashley,Miller,aaronjohnston@arroyo.com,001-224-084-9184x650,Williammouth,Alabama,2023-06-23
20,Thomas,Fox,tony85@ortiz.com,9119540120,Nicholashaven,New Hampshire,2025-11-13
21,Brian,Ortiz,morenojames@fowler.com,001-009-173-3035,Angelahaven,Maryland,2024-06-16
22,Joshua,Garcia,laura14@stevenson-foley.biz,8857024121,Christianhaven,Virginia,2024-01-05
23,William,Collins,brownfrederick@horn-ayers.info,578.607.5825x83816,Port Brandy,Alabama,2025-08-21
24,Robert,Kennedy,xmcdonald@yahoo.com,303-014-8923x766,Jeffreyberg,Oklahoma,2025-09-06
25,Timothy,Brown,kingmorgan@yahoo.com,+1-812-630-4052x7325,Port Helen,Oregon,2025-08-04
26,Erika,Smith,robin64@mullins.info,530-518-8159x2508,New Timothyland,New Hampshire,2024-04-03
27,Nicole,Dominguez,xmorris@nguyen-james.info,001-397-804-8112x79128,Murphyburgh,Kansas,2025-08-15
28,Thomas,Thomas,fshepherd@hotmail.com,675-329-6099,West Chasefurt,Idaho,2023-08-06
29,Thomas,Mayer,byrdalice@murphy-rich.info,693-009-9917,East Lori,Alabama,2024-12-31
30,Anthony,Graves,karen86@gmail.com,0296068902,Port Alexanderhaven,New Jersey,2025-01-02
31,Micheal,Simpson,danielcontreras@gmail.com,248.783.8188x659,Cohenside,Oklahoma,2023-03-16
32,Allison,Nelson,roycrystal@hall-spence.com,347.896.1161x962,New Sonyafurt,Kentucky,2025-06-13
33,Jorge,Haney,anthony22@francis-perez.com,+1-879-073-2869x6009,New Larry,Tennessee,2025-04-07
34,Karen,Gibson,aguirrestephanie@roberts-neal.biz,(994)635-3047x39791,Murphyview,Minnesota,2025-01-22
35,Kristine,Gonzalez,facosta@harris.net,+1-550-149-8867x5372,Davidhaven,Idaho,2023-08-22
36,David,Rivera,tonysoto@brown.info,632-077-5799x169,New David,New Mexico,2024-12-02
37,Nicholas,Cohen,kevinboyd@johnson-wood.org,+1-339-015-0100,Lake Josephchester,Colorado,2023-02-15
38,Michelle,Schwartz,katrina03@gmail.com,(352)961-2379x214,West Sandrafurt,Iowa,2023-05-14
39,Brian,Dixon,billybridges@hotmail.com,(150)651-3705x057,Cartershire,Idaho,2025-02-05
40,Nathan,Gentry,middletonjocelyn@yahoo.com,794.263.5486x3136,South Colinton,Texas,2023-02-21
41,Stephanie,Stewart,wbraun@rodriguez.com,001-074-931-6353x9640,Port Kristinachester,Louisiana,2024-08-19
42,Morgan,Kemp,dianebrown@owens-clark.com,448-479-7587x0963,Sueside,Nebraska,2023-11-08
43,Cynthia,Yates,hhernandez@yahoo.com,(824)664-8644,Moranmouth,Virginia,2022-11-20
44,Tiffany,Jackson,daughertydorothy@garcia.info,544.746.9947x1589,Port Robertmouth,Nevada,2024-10-28
45,Brooke,Moreno,elizabethcarey@chen.com,769-629-2311,Kennethtown,Delaware,2025-03-15
46,Kimberly,Johnson,pdouglas@hotmail.com,(591)114-1440,North Briannaburgh,Missouri,2025-04-24
47,Mark,Wells,woodardjennifer@hotmail.com,9288908821,South Elizabeth,Kentucky,2025-09-25
48,Timothy,Cruz,andreshopkins@hotmail.com,(719)930-4944,Baileyhaven,New Hampshire,2025-03-21
49,Bernard,Ford,turnerjames@hotmail.com,001-114-060-9848x3129,Lake Patricia,South Carolina,2024-07-16
50,Benjamin,Maxwell,brent43@bush-garcia.com,242-822-3885x743,Espinozafort,New Mexico,2025-05-20
51,Jessica,Bryant,mayojeffery@hotmail.com,932.294.6811x15433,Monicaland,Virginia,2025-04-14
52,Sandra,Avila,rosaleseric@foster.com,+1-364-937-5177x89182,Ramirezshire,New Hampshire,2024-05-17
53,Kathleen,Smith,william83@hotmail.com,+1-448-825-1627x22284,Port Christybury,Vermont,2023-11-05
54,Zachary,Bauer,jdeleon@wheeler.info,884-768-0924,Russoview,Indiana,2025-03-16
55,Sarah,Gonzalez,johnnyjohnson@rowland.biz,5914824608,New Rachel,Kansas,2023-11-06
56,Alec,Poole,lambertlindsey@yahoo.com,(746)999-2856,Rosefort,Utah,2024-08-30
57,Sherry,Howard,boydshelia@baker.com,(028)282-9082x7885,East Elizabeth,Kansas,2024-10-08
58,Alfred,Wilson,michaelmelton@hampton.com,387.888.4776x4876,East Davidview,Texas,2023-12-07
59,Jared,Roberts,mccoyregina@yahoo.com,(945)743-2125,Laraburgh,Oregon,2024-07-31
60,Pedro,Rangel,francistina@barnes-taylor.com,757.912.1012x06238,New Kayla,Alaska,2024-11-22
61,Mariah,West,ashleyarmstrong@burgess.com,276-739-6600x40816,Lutzborough,Hawaii,2023-07-16
62,Alexandra,Nelson,danielphillips@hotmail.com,(907)452-0259x21144,Herreraburgh,Minnesota,2023-02-09
63,Ronald,Schneider,barbaraberry@yahoo.com,810-542-4593,Cooperchester,Michigan,2025-03-28
64,Michael,Henderson,carolynnguyen@macias.org,875-532-5381,New Robert,Kentucky,2023-08-14
65,Trevor,Duarte,jocelynmitchell@garcia.com,001-790-749-9084x655,New Amber,North Dakota,2023-02-14
66,Michelle,Weaver,taylor32@gmail.com,(147)655-1581x330,South Brent,Arizona,2024-07-03
67,Molly,Chapman,xduncan@gmail.com,655-478-6624,East Elizabethstad,Texas,2023-02-24
68,Austin,Moore,edwardscharles@gmail.com,568-091-0832x061,Hernandezton,Idaho,2025-09-29
69,Matthew,Miller,franklinlinda@gibson.biz,068.427.3115x36068,Huntermouth,Ohio,2024-03-24
70,Amy,Powell,davistina@yahoo.com,+1-436-290-6949x60830,Lake Michael,Maine,2024-02-05
71,Mike,Powell,davisvanessa@yahoo.com,(574)875-5703,East Nathan,Rhode Island,2024-08-20
72,Catherine,Turner,ghuynh@ritter-bryant.info,(253)722-5911x7713,Lake Joel,Kansas,2023-11-09
73,Michael,Thornton,bauerrebecca@soto-gonzalez.com,001-299-781-0603x882,New Nathanton,Tennessee,2023-03-16
74,Kelsey,Johnson,waltonjames@yahoo.com,334.697.8763x8143,North Erikfurt,New Mexico,2025-06-22
75,Melissa,Yu,ajohns@page.info,001-568-288-7521x49814,Evansstad,Connecticut,2025-10-13
76,Betty,Evans,tracy27@yahoo.com,001-946-478-2955x618,Dennisside,Hawaii,2024-02-09
77,Brandon,Daniels,esmith@reyes.com,780.485.3911x71900,East Katherineville,Nebraska,2023-08-13
78,Mark,Johns,snoble@yahoo.com,(471)403-8809,New Ernest,Louisiana,2025-02-18
79,Natalie,Tanner,coleerickson@davis.com,(288)101-4927,Port Shelleyberg,Washington,2024-02-14
80,Dennis,Hunter,victoriagomez@payne.org,453-220-0002x4505,North Karenville,Ohio,2025-07-25
81,Jeffrey,Brown,gregory99@gmail.com,624-576-8575,Salazarview,Pennsylvania,2024-05-16
82,Kenneth,Sherman,matthewdavis@gmail.com,001-113-858-3445x7453,Johnstonland,Ohio,2024-06-16
83,Jeffrey,Smith,caitlinmarshall@thompson-collins.net,(791)599-0032x948,Lake Sherihaven,Colorado,2025-04-19
84,Jonathan,Potts,bjohnson@yahoo.com,410-281-2200x617,Drakeborough,Wisconsin,2025-01-15
85,Phillip,Harrell,kelleymatthew@gmail.com,(499)219-7104x650,East David,New York,2024-08-23
86,Catherine,Todd,sharon07@gonzalez.biz,001-975-437-9013x5422,Garciaborough,Rhode Island,2024-06-19
87,Pamela,Haynes,michaelhouse@brown-long.net,3540247866,East Kevin,Utah,2025-04-18
88,Dylan,Smith,wrichardson@clements.org,001-787-089-3628x40929,East Ianview,Washington,2023-12-24
89,David,Lynch,joycedavid@hotmail.com,912-174-4632x99215,Mitchellborough,Illinois,2022-12-07
90,Olivia,Brown,fbridges@kennedy-joseph.com,288.013.5832,East Glorialand,Idaho,2023-03-30
91,Jason,Harris,lori81@wilson.biz,9736822824,Sierraton,Nevada,2023-03-13
92,Jeffrey,Jones,amanda20@hotmail.com,001-888-840-5642x1282,Courtneyton,Utah,2023-12-26
93,Michelle,Johnson,perezlarry@smith.biz,377.496.5578,West Corey,Missouri,2025-08-21
94,Donna,King,tracy35@yahoo.com,+1-688-704-7865,Manuelhaven,Ohio,2025-04-08
95,Natalie,Turner,blevinschristopher@smith.info,120.300.1896,Lake Derekview,Arkansas,2023-05-28
96,Judy,Johnson,cgonzalez@matthews-rodriguez.info,841-511-1498x12690,North Seanview,California,2024-07-29
97,Daniel,Perez,gwilliams@houston.com,(299)938-6137x668,Benjaminhaven,Nebraska,2023-08-28
98,Donald,Richards,taylor88@boyer.biz,269-588-9922x4503,South Josephland,Montana,2025-05-07
99,Samuel,Huffman,jamesjohnson@edwards.info,001-258-757-7798x43960,Andreamouth,Maine,2025-05-29
100,Madison,Franklin,christyduncan@hotmail.com,001-631-408-2673x4198,Clarkview,California,2024-05-17
101,Jose,Hobbs,xdean@hotmail.com,001-408-995-4505x4464,North Colinburgh,Oregon,2023-03-16
102,Victor,Stephens,sandra45@jones-walker.info,+1-965-456-7236x7743,Port Brian,Montana,2024-01-11
103,Jared,Garcia,rachelbradford@benton-carter.com,001-692-620-1230,Port Katrinaton,Texas,2024-08-01
104,Justin,Maldonado,jessicanelson@gmail.com,159.240.8386,South Christianview,Connecticut,2024-07-08
105,Jennifer,Roberts,rebecca76@clark-rodriguez.com,+1-670-118-8289x0960,Solomonbury,Rhode Island,2024-07-18
106,Brandi,Logan,christina16@munoz.com,0061360600,Lake Jessicafort,Michigan,2024-04-04
107,Michael,Gill,curtisbobby@robinson.com,+1-649-304-4296x7550,Leeview,Maine,2025-08-03
108,James,Compton,tracykelley@vaughn.com,715-646-2640x92091,Jessicaport,Arkansas,2024-04-04
109,Henry,Davis,samuelbowen@hotmail.com,868.473.6289x6991,Woodton,South Carolina,2023-11-06
110,Mary,Green,amaldonado@hotmail.com,001-717-271-0703x151,Port Troy,Illinois,2024-05-01
111,Lisa,Parks,michaeljackson@smith.net,638-234-8263,Andersonton,Pennsylvania,2024-07-26
112,Kyle,Fields,sotopamela@hotmail.com,001-267-697-4376x6435,Lake Andrewport,Kansas,2024-01-05
113,Kimberly,Moore,powellmartin@gmail.com,0045885782,Garciatown,Arkansas,2025-03-17
114,Cynthia,Day,rhonda38@yahoo.com,9023723194,Port Christopher,Nebraska,2024-03-28
115,Michelle,Kennedy,danielwheeler@villa.com,001-615-709-6854x905,Pittmanstad,Rhode Island,2025-06-18
116,Jennifer,Adams,wallmaria@maddox.net,985.644.7084x04071,Port Ronald,Massachusetts,2023-12-01
117,Charles,Brown,jjacobs@yahoo.com,7540600983,New Robertland,Arizona,2024-09-06
118,Dominique,Foley,wduncan@rios.com,(050)705-1162x0260,North Jennifer,New York,2022-11-25
119,Amy,Sellers,lori06@ryan.biz,3209651457,North Seth,Colorado,2025-05-21
120,Leah,Montoya,christina30@yahoo.com,(440)236-5998x69638,Katherineland,Texas,2024-02-04
121,William,Cameron,zrodriguez@blackwell-murphy.biz,642-259-6034,Katherineburgh,Washington,2025-04-12
122,Stephanie,Larson,kingalexandra@elliott.com,001-213-022-2187x58582,East Richard,Colorado,2024-08-07
123,Katelyn,Cuevas,ctate@yahoo.com,+1-507-188-1914x535,West Amy,Maryland,2025-10-19
124,Maria,Morales,alfredpitts@hotmail.com,+1-730-341-1691x02462,Port Kendrafort,New Mexico,2024-09-30
125,Wanda,Bell,alyssa67@hotmail.com,169.853.5731,East Jason,Oklahoma,2023-12-28
126,William,Maddox,xbeltran@ortiz.com,(085)072-1079x83284,Lake Timothy,California,2023-09-22
127,Debbie,Cervantes,michele03@ferrell-johnson.com,001-486-824-9683x64556,Santiagoburgh,Wisconsin,2023-10-25
128,Joseph,Martin,jennifer35@gmail.com,313-363-7138x78615,South Johnstad,Virginia,2025-04-11
129,Ashley,Aguilar,matthewduran@jones-leach.com,686.376.9195,South Garrett,Texas,2023-02-18
130,Melissa,Carpenter,sophia93@gmail.com,+1-866-264-3777x37479,Thomasside,Pennsylvania,2023-12-08
131,Wayne,Brown,markserin@thomas.net,(637)381-1953x79896,North Jane,Iowa,2023-07-26
132,Christopher,Williams,robinbrown@barr.com,682-906-3858,Coletown,New Mexico,2024-12-07
133,Jeffrey,Johnson,qgibson@jenkins-carpenter.info,444-280-5549x4294,Clarkeshire,Maryland,2025-04-14
134,April,Thompson,wrighttracey@castillo.info,(217)893-4666x7529,New Christy,Hawaii,2024-05-15
135,Michelle,Smith,rebecca56@johnson-brown.info,001-374-612-2662x756,Markberg,Hawaii,2025-08-23
136,Janet,Robbins,stevecarson@hotmail.com,+1-202-906-0100x42617,Lake Julie,Illinois,2024-11-20
137,Jonathan,Conrad,wendyreynolds@gmail.com,209-180-8033x8076,Kennethville,Wisconsin,2023-07-25
138,Jennifer,Calderon,yhunter@brown.com,6498613068,Port Brittany,South Dakota,2025-06-11
139,Jeffrey,Brown,jenniferlittle@osborne-stephens.com,1566315785,Ryanberg,Oregon,2022-12-23
140,Tracey,Mcmillan,kingkatherine@hebert.com,+1-699-830-8708x5403,New Anthonyland,North Dakota,2023-12-27
141,Miranda,Lopez,victoria85@todd.info,514-200-0062,Timhaven,New Hampshire,2025-03-03
142,Corey,Peterson,vhayes@yahoo.com,056-522-0366,Donaldhaven,Massachusetts,2024-01-27
143,Ethan,Cochran,shanemoran@anderson.com,+1-241-132-7107x9316,Nguyenmouth,Vermont,2023-10-24
144,Edward,Perry,qlawrence@hotmail.com,735-960-3223x1762,North Sonya,Wyoming,2025-01-23
145,Robert,Martin,thomaswilliams@yahoo.com,+1-336-886-2546x342,Fisherland,Tennessee,2025-11-17
146,Angela,Harrison,davismercedes@gmail.com,(655)308-2783,Smithborough,Georgia,2024-04-21
147,Anita,Lutz,sarahhooper@boyd-holmes.biz,(580)734-4759,Boltonhaven,West Virginia,2025-04-26
148,Douglas,Anderson,wsharp@martin.biz,701-198-8406x035,Carriefort,Nevada,2024-05-11
149,Anna,Lopez,jasmine73@hotmail.com,+1-770-438-7951,Sheilafort,Florida,2023-02-27
150,Tracy,Cervantes,rmoody@yahoo.com,4757059558,Kristenchester,Alaska,2025-01-25
151,Cathy,Eaton,robertgreen@larsen.com,388.149.6260,North Carlaburgh,Oklahoma,2022-12-02
152,Maxwell,Boyle,shannonroach@hotmail.com,857-261-3684,Port Thomas,Wyoming,2024-06-16
153,Melody,Simmons,gwong@martinez-nash.org,004.211.7392,New John,Alabama,2025-05-01
154,Shirley,Greene,wlewis@hotmail.com,(276)306-6564,North David,South Dakota,2024-06-01
155,Debbie,Barber,yclark@perez.com,738.661.3370,Gregoryville,Utah,2024-05-10
156,Kelsey,Ross,anna13@hotmail.com,844.163.7342x54352,Sanchezfort,Michigan,2025-04-19
157,Donna,Barnes,turnermichael@hotmail.com,2022075169,Williamsview,New Hampshire,2025-10-22
158,Erica,Johnson,diazshirley@yahoo.com,001-298-274-1611x713,North Kimberly,Wisconsin,2023-06-18
159,Tammy,Norman,tnewton@chung-zuniga.com,803.061.0423x937,Ballport,Kansas,2024-10-15
160,David,Schroeder,robinsonmadison@gmail.com,002.658.4710x969,Grayville,Montana,2023-10-24
161,Patricia,Garcia,iespinoza@yahoo.com,9566737823,North Grace,Texas,2025-10-29
162,Jonathan,Camacho,nataliesmith@taylor-gonzalez.com,924.111.5418x0619,Coxview,Nebraska,2024-12-06
163,Cynthia,Garcia,daniel08@hotmail.com,+1-275-361-5879x952,Lake Christopher,Minnesota,2025-09-17
164,Eric,Charles,xthompson@gmail.com,+1-738-775-4664x31736,West Cameron,California,2023-08-12
165,Christine,Burgess,jacobsonkyle@gmail.com,829.806.6404x54952,Kristenborough,Minnesota,2025-11-17
166,Natasha,Sanders,dustin70@gmail.com,435-847-0025x01913,Nelsonshire,Pennsylvania,2025-08-07
167,Tyler,Williams,kgarcia@hotmail.com,274-415-6714,East Davidhaven,Nebraska,2023-10-10
168,Joseph,Lawson,kcontreras@clark-phillips.com,325-654-6574x6045,East Andrea,Oklahoma,2024-11-14
169,Karen,Villanueva,lanejose@flynn-ward.com,8843778401,Laurenside,Connecticut,2024-01-01
170,Heidi,Kelly,brenda58@barnes.com,077-438-1497x7170,East Lisa,Nebraska,2025-04-09
171,Jeremy,Whitehead,justinwillis@hernandez.com,001-795-603-2719,Marshallton,Oregon,2023-03-21
172,Alan,Hudson,pwise@barrett.net,(354)546-3186x167,Lopezside,Alabama,2025-03-29
173,Erik,Day,hsmith@yahoo.com,6774321139,Rachelburgh,Washington,2024-08-14
174,Kayla,Harvey,jowen@yahoo.com,001-639-803-8085x37134,South Katie,Alaska,2023-05-11
175,Andrea,Smith,taylornancy@hernandez.biz,+1-524-846-6330x3003,North Hannahport,Washington,2025-08-19
176,Valerie,Ward,hannahskinner@gmail.com,001-670-083-2090x20050,North Catherine,North Carolina,2025-07-25
177,Travis,Matthews,ycook@rogers.com,001-213-559-4996x37435,Christophertown,Arizona,2023-04-14
178,Christine,Case,jonathanstewart@arnold.biz,607-553-1218x817,Edwardport,Arizona,2023-08-17
179,Melissa,Carr,laurencannon@yahoo.com,651.847.0131x3057,Nicholasfort,Colorado,2023-04-11
180,Eugene,Schultz,vpierce@hotmail.com,+1-085-874-8248,Schwartzberg,Wyoming,2024-09-17
181,Jessica,Velazquez,hernandezrobert@yahoo.com,001-458-202-7688x085,East Alejandro,Indiana,2024-04-15
182,Stephanie,Riley,mary02@hotmail.com,+1-448-173-6847x43943,North Joshuaville,Hawaii,2025-11-04
183,Daniel,Jackson,tomwall@gmail.com,671-847-3469,Lindachester,Alabama,2023-12-14
184,Thomas,Vance,fmorris@adams-byrd.com,001-197-439-8775x234,Lake Annette,South Dakota,2024-06-14
185,John,Morrison,zkaiser@yahoo.com,+1-113-154-1539x7342,Port Jenniferstad,Wyoming,2022-12-12
186,Heather,Dixon,adriennemejia@gmail.com,629.668.2897x176,New Natalieton,Massachusetts,2022-11-28
187,Darlene,Burke,gouldangela@anderson.biz,783.850.8100x015,Kingchester,Hawaii,2025-07-13
188,Jennifer,Graves,dstein@horton-phillips.com,543-175-5589,Pamelamouth,Vermont,2025-05-19
189,Natalie,Rodriguez,geraldrodriguez@thomas.info,001-841-539-9398x2556,Rodriguezburgh,Iowa,2023-04-23
190,Kristy,King,butlerdouglas@price-walker.com,+1-313-961-5190,South Maryside,Illinois,2023-07-20
191,Robert,Floyd,kurtcochran@holland.com,859.310.4875x150,Brandonfort,Pennsylvania,2025-04-07
192,Alexander,Gonzalez,josephcampbell@hotmail.com,848-296-4362,New Carolhaven,Hawaii,2024-02-03
193,Joseph,Frazier,nataliemitchell@yahoo.com,166-344-1781x53750,Youngfurt,Wisconsin,2023-05-16
194,Robert,Rivers,wharvey@gardner.biz,550-564-0278,New Jonathan,South Dakota,2023-04-07
195,Robert,Howard,rdennis@hotmail.com,(221)765-0207x46486,West Jamesmouth,West Virginia,2025-06-27
196,Jason,Alvarez,jamessteven@yahoo.com,6814863749,Port Reginald,North Dakota,2023-05-05
197,Juan,Stewart,zthomas@gmail.com,810.048.0688,East Daniel,Massachusetts,2022-12-18
198,Paul,White,jessica81@gregory-rose.org,+1-176-027-1382x2541,Katelynfurt,Wyoming,2023-12-20
199,Catherine,Rogers,juanmunoz@yahoo.com,113.359.5277x516,Zacharyville,Montana,2023-09-21
200,Patrick,Payne,ushepherd@werner.info,6005215838,Gutierrezbury,Alaska,2024-12-14
201,Michael,Butler,juliaweaver@hotmail.com,+1-232-872-2040x9983,Meganbury,Minnesota,2024-04-14
202,Monica,Ortiz,ronald58@hotmail.com,1006686088,Matthewborough,Maine,2023-09-26
203,Richard,Medina,wintersnoah@hotmail.com,001-815-317-0711x35496,East Williamberg,Hawaii,2024-12-01
204,Suzanne,Moore,christinamckay@fuentes-hernandez.info,609.527.4237,Ashleyshire,Maryland,2024-05-09
205,Christopher,Kennedy,amberhernandez@gmail.com,574-692-8336,Nicoleburgh,Indiana,2022-11-22
206,Christopher,Brown,gonzalezallison@hotmail.com,(816)299-4402x21983,East Lisashire,New York,2025-11-09
207,Jeffrey,James,grahammatthew@yahoo.com,+1-462-448-2351x96938,South Emilystad,Kentucky,2023-04-04
208,Candice,Velazquez,james31@short.biz,(766)266-8418x0173,North Tinaport,Iowa,2025-11-06
209,Holly,Patel,johnsonemily@mccann.org,684.294.8520,Hernandezside,Hawaii,2024-02-04
210,Marisa,Brown,amandabaker@rodriguez-walker.info,+1-611-086-7792x972,Calebmouth,Hawaii,2024-09-10
211,Crystal,Hughes,owensrhonda@yahoo.com,623-159-1426x332,Port Patriciaberg,Idaho,2023-03-30
212,Peter,Gregory,williamlawson@miller-wood.com,483.416.9576x1703,West Eric,Maryland,2024-09-10
213,Kimberly,Weaver,gmoreno@hotmail.com,001-782-057-9683x6034,Joshuamouth,Oregon,2023-09-10
214,Zachary,Johnson,lauracalhoun@jones.com,+1-410-381-2005x80375,West Leahmouth,North Carolina,2025-04-24
215,Hannah,Hall,denisebrown@yahoo.com,(662)942-3848x09406,Thomasville,Minnesota,2024-10-03
216,James,Rangel,ronald81@hotmail.com,0155219687,Avilafort,California,2024-06-22
217,Cathy,Gates,ehamilton@wilkinson-wright.com,1386343042,Gomezville,New Hampshire,2024-06-14
218,Tony,Greer,jennifernolan@reyes.com,+1-309-618-1003x597,East Jason,Michigan,2023-08-15
219,Roger,Richardson,dbernard@gmail.com,(141)301-7307,New Steven,Wisconsin,2023-08-27
220,Christopher,Dominguez,ashleesimmons@yahoo.com,632-642-1574,Whitakerville,Maine,2024-06-07
221,Barbara,Dunn,kbradley@hotmail.com,(395)612-8101x90535,Lake Nicholas,Alaska,2024-04-17
222,Harold,Singh,tamara30@williams-hawkins.com,180-157-2377,Kathleenport,Illinois,2024-09-22
223,Lori,Moran,miguel19@yahoo.com,835-279-1119,West Matthewburgh,Alaska,2024-11-29
224,Matthew,Gay,kbrooks@hotmail.com,(010)091-3163,South James,Michigan,2023-07-11
225,Stanley,Phillips,parsonsgerald@jones.com,(857)845-8310x8829,New Margaret,Arizona,2024-08-13
226,Christina,Taylor,johnsontyler@gmail.com,+1-295-978-6771x7004,Cartermouth,Maine,2025-06-11
227,Andrew,Macias,john41@hotmail.com,958.973.8654x45344,Lake Samanthaborough,Delaware,2022-11-28
228,Jerry,Ross,alexandertiffany@smith.com,001-903-720-6666x28221,East Michaelfurt,South Dakota,2024-11-16
229,Steven,Keller,thomasheather@reyes-maxwell.com,+1-760-367-9513,Port Dylan,Indiana,2023-09-29
230,Gabrielle,Gates,mckenzie77@yahoo.com,+1-874-176-5965x4152,Williamsview,Oklahoma,2024-07-06
231,Meghan,Hansen,kharris@good.net,+1-041-908-9438x05340,East Edwin,Oregon,2025-01-30
232,Jimmy,Santiago,jessica21@hotmail.com,671-832-8417,Lake Ruth,Maine,2023-10-30
233,Linda,Franklin,matthewsalinas@gmail.com,(869)688-7056,New Donnaland,Alabama,2024-05-21
234,Laura,Hardin,julia47@pierce.info,(052)510-1414x9346,Sandersbury,Kentucky,2025-04-08
235,Toni,Schmidt,aramos@hotmail.com,600-049-8638,Jacobville,Iowa,2025-01-25
236,Caleb,Fields,alexander84@wood.info,256.993.5030x56748,Port Wendybury,Iowa,2024-01-09
237,Kyle,Mejia,walkerbrian@hotmail.com,469-470-3272x53493,New Johnshire,Illinois,2024-03-29
238,Anthony,Johnson,martinanthony@santana-wong.com,903-634-9339,Port Shannonton,New Mexico,2024-01-01
239,Tiffany,Ballard,sullivanchase@martin-day.com,538.132.8333x97318,North Robertfort,Pennsylvania,2025-09-28
240,Barbara,Obrien,david58@hotmail.com,(550)611-2709x760,South Colechester,North Dakota,2023-02-10
241,Karen,Tran,scott68@brown.com,300.205.2232x80447,Smithmouth,Rhode Island,2023-09-26
242,Tara,Perkins,sullivannicole@gmail.com,001-259-553-6701,North Jenniferside,Louisiana,2023-10-14
243,Anthony,Warren,rebecca80@garcia.com,+1-042-005-2664,Janetmouth,Missouri,2025-04-29
244,Katherine,Patel,heatherbrewer@hotmail.com,001-903-941-0790x7095,South Nancyland,California,2025-09-05
245,Micheal,Jackson,chanrachael@gmail.com,+1-192-338-3320x82278,South Brittanyview,Mississippi,2024-03-28
246,Christopher,Carter,gonzalezjane@shelton.com,001-784-067-1678,Port Jacqueline,Wyoming,2023-12-21
247,Juan,Marshall,cgarcia@baker-kelley.com,579.112.9105x3744,Baldwinland,Wisconsin,2023-06-21
248,Jonathan,Thomas,williamsbenjamin@gmail.com,(599)213-0791x504,Garyberg,Minnesota,2023-03-12
249,Karen,Harvey,bwilson@reese.com,751.860.5921x0013,Jefferyhaven,Florida,2023-11-01
250,Jonathan,Mejia,jbenjamin@hotmail.com,830-594-5779x1358,East Deborahberg,Missouri,2023-03-17
251,Danny,Moreno,nicole35@hotmail.com,+1-560-685-0600x0446,West Richard,Washington,2025-04-21
252,Mary,Perez,erodriguez@hess.com,9118307255,Jaredborough,Montana,2024-12-16
253,Kathleen,Burke,michellepierce@smith-bowers.com,(020)344-2126,West Masonview,Indiana,2023-06-08
254,Jessica,Nelson,jenniferbrown@camacho.com,+1-246-776-9020x5831,Lake Jessicafurt,Montana,2023-08-24
255,Steven,Alvarez,barnesangelica@chavez.com,(812)920-5253x5795,North Debramouth,Kentucky,2024-11-03
256,Robert,Russell,jamie97@hodge.net,002-913-3107x915,Lake Lisa,Colorado,2024-05-07
257,Kelli,Murray,manuelwoods@collier-west.com,157-154-1993x655,East Cindy,South Carolina,2023-06-30
258,Jennifer,Hampton,gjones@patterson.com,001-254-509-1869,Jillianberg,New Mexico,2025-05-12
259,Andrew,Ramos,kevin33@yahoo.com,(850)661-9921,Amberside,Michigan,2025-09-18
260,Pamela,Robles,tellis@erickson.com,162.965.3237x044,Shawburgh,Virginia,2024-07-04
261,David,Luna,qrios@smith-turner.com,834.423.0888x31307,South Deborah,Vermont,2023-01-21
262,Daniel,Kent,michaelbrown@harvey.com,(881)940-0056x4184,Lake Melanie,Utah,2023-04-14
263,Donna,Fowler,edward43@williams.com,194.564.2487x77989,Mendezmouth,Mississippi,2023-12-26
264,Jimmy,Palmer,zmadden@davis.com,613-748-9933x3767,Navarrofurt,Missouri,2025-07-09
265,Angela,Walker,wwillis@kemp-smith.info,718-346-6124x128,Port Coreyshire,Wyoming,2024-12-01
266,Elijah,Velasquez,batesjasmine@larson.biz,+1-503-878-0396x4408,Garciaville,Maine,2024-02-08
267,Steven,Miller,lawsonjennifer@washington.com,4256475712,South Joseport,Tennessee,2024-05-10
268,Amanda,Smith,shawna85@davis.com,+1-912-463-5209x5129,West Kim,Alaska,2025-01-20
269,Richard,Greene,wcardenas@gmail.com,7651888883,Daniellebury,Arizona,2023-04-13
270,Kyle,West,jaredgreen@mullins-evans.com,+1-273-808-7649x9172,New Samanthastad,North Carolina,2024-02-18
271,Kenneth,Ingram,kristycarter@hotmail.com,+1-713-582-9986x62088,North Zacharyshire,West Virginia,2024-09-08
272,Joseph,Black,millerstephanie@yahoo.com,432-295-6395x5606,South Leah,Illinois,2024-03-16
273,Jennifer,Berg,vincent74@rodriguez.com,066-333-7505x519,Smithview,Illinois,2023-01-13
274,Cheryl,Bartlett,efleming@gmail.com,800-659-5978x49057,East Richardberg,Wisconsin,2025-10-05
275,Jason,Gonzalez,zpoole@hotmail.com,0020083796,South Robert,Virginia,2024-07-14
276,Julia,Garner,lthompson@gmail.com,+1-363-024-0893x127,Port Katherineshire,Colorado,2024-12-26
277,Evan,Jenkins,amanda83@hotmail.com,267-681-5187x3414,North Laura,New Hampshire,2023-11-04
278,Alyssa,Lee,jamesortiz@ruiz.com,129-862-9798x1276,Lake Karen,Washington,2023-04-21
279,Jillian,Bailey,moodyrachel@gmail.com,(518)703-1324x364,Arielstad,Vermont,2022-12-01
280,Benjamin,Kelly,samuelmartin@yahoo.com,001-602-465-2969,Lake Justinton,New Jersey,2024-06-20
281,Andrea,Richards,ronaldbutler@foster.info,001-837-187-4020x516,Perezland,Nebraska,2024-05-17
282,Bryan,Sampson,debbiemontes@gmail.com,553.779.2782x2881,Ashleytown,Virginia,2023-10-09
283,Jason,James,haynesjennifer@gordon.com,+1-469-554-6171x64960,Ryanfurt,South Dakota,2025-04-23
284,Jacob,Brock,nspencer@wright.info,145.096.7309,Scottstad,Minnesota,2023-01-14
285,Joel,Hood,michaelprice@hotmail.com,(346)566-4654x857,South Amber,Hawaii,2024-09-20
286,Jeremy,Mckenzie,ohenderson@hotmail.com,+1-666-088-0259x0767,Kleinfurt,Idaho,2023-12-10
287,James,Mccoy,bmontgomery@hotmail.com,154-820-3956x6084,East Amy,Missouri,2023-04-22
288,Rachel,Payne,pennystevenson@gmail.com,+1-756-632-9412,North Lisahaven,Connecticut,2024-02-06
289,Angela,Branch,deanna68@reed.org,(098)184-9603x388,South Amanda,Minnesota,2024-04-04
290,Jack,Johnston,hansonjose@gmail.com,365.214.0054,Lake Rachel,Delaware,2025-01-18
291,Gina,Lawrence,thompsontamara@vasquez.net,001-594-220-3038x1699,Greenemouth,Texas,2025-03-01
292,Sandra,Guzman,andrew11@villa-kelly.net,(585)760-3232,Johnathanland,Massachusetts,2023-03-20
293,Donald,Flowers,jeremy21@yahoo.com,001-304-496-4947x7961,Morganmouth,New York,2024-02-07
294,Gary,Lawson,smaldonado@yahoo.com,(732)944-1346,Barnesfort,Pennsylvania,2025-01-29
295,Ian,Anderson,icamacho@davis.org,(465)939-0482x8056,Taylorbury,Minnesota,2023-03-03
296,Gary,Cobb,deckerchristopher@gmail.com,944-899-8594x1348,Port Keith,New Mexico,2025-05-02
297,Michelle,Roberts,browndeborah@lopez.com,001-962-310-0004x107,Port Brandonshire,New York,2024-05-15
298,Lindsey,Gray,jamespeterson@bryant.com,716-101-6356x26577,Kiaraton,Kansas,2025-06-04
299,Jennifer,Hall,ubutler@yahoo.com,+1-161-374-4531x7377,North Jennifer,Louisiana,2024-08-24
300,Kimberly,Evans,randallrangel@yahoo.com,9065643161,Lisastad,Arizona,2024-08-06
301,Stephen,Campbell,elizabeth07@yahoo.com,+1-296-584-0403x7363,North Anthonyport,Utah,2023-12-09
302,Michael,Salas,rschmidt@gmail.com,(539)927-4169,Port Kelly,Hawaii,2025-10-07
303,Julie,Steele,tdiaz@hotmail.com,894-316-1494x4174,New Andrew,West Virginia,2025-01-12
304,Tina,Mills,perezchristopher@morales.biz,526.427.3840,South Dawn,Arkansas,2024-08-08
305,John,Ortega,hwilliams@manning-walker.com,+1-542-490-9604x64339,Sandraland,Iowa,2025-05-19
306,Thomas,Matthews,bensonjohn@hotmail.com,889.310.5942,Harthaven,Idaho,2023-05-22
307,Connor,Valencia,bishopmarc@gibson-walker.com,089.388.9145,New Alan,Montana,2025-10-24
308,Lee,Sullivan,archercraig@hotmail.com,+1-410-705-2731x6819,South Thomas,Idaho,2024-08-03
309,Heather,Vega,jonesandrea@gmail.com,213-794-8454x43189,Sophiaberg,Louisiana,2024-03-09
310,Elizabeth,Figueroa,jacquelinekirk@thompson.org,211.020.0649x046,North Michaelport,Connecticut,2024-02-28
311,Karen,Wilson,thomasphilip@moore.org,079.273.9623,North Ashley,Tennessee,2025-06-02
312,John,Blackwell,christopherwilliams@shepherd.com,1451625627,North Henry,Nebraska,2025-03-11
313,Melissa,Alexander,ppowers@gmail.com,(364)412-6396x93725,Lake Donald,Nevada,2024-12-29
314,Andrea,Green,joelrose@gonzalez-ross.com,(838)269-2346x85280,New Jeffreyview,Kentucky,2025-10-24
315,Beverly,Cook,dustin20@gmail.com,001-372-772-4660,South Hannahshire,South Carolina,2025-02-04
316,Christian,Lopez,robertsmith@gmail.com,+1-946-599-2703x507,West Tiffany,Florida,2023-09-14
317,Tyler,Evans,tannerjason@gmail.com,396-446-6434x01825,East Lisaburgh,Louisiana,2024-03-12
318,Kimberly,Hall,susan31@yahoo.com,+1-678-865-6866x224,Jefferyville,New York,2023-08-03
319,Joshua,Carter,bhowe@kelley-maldonado.com,420.002.0643x735,New Shelbyland,Arizona,2025-04-25
320,Jeffrey,Richardson,iarmstrong@marshall-berry.com,001-330-399-1904x086,Davenportton,Oregon,2025-10-16
321,Alan,Thompson,amanda14@graham-harris.com,(900)918-1596x55568,North Annetteport,West Virginia,2023-08-16
322,Patty,Rice,sdiaz@yahoo.com,(650)241-7127,West Patrickport,Rhode Island,2022-12-31
323,David,Rodriguez,sanchezpeter@short.com,+1-210-146-1228x0261,Harryside,Tennessee,2023-01-29
324,Christina,Stevens,jonathanowen@sellers.com,223.025.0303x2895,Ericstad,Ohio,2023-01-18
325,Susan,Smith,yvonne38@lopez.net,001-789-811-6556x89361,Rodriguezberg,Utah,2024-02-15
326,Danny,Morris,chavezgeoffrey@flores.net,108.631.1275x5703,Port Anthonyborough,Kentucky,2025-07-18
327,Jacqueline,Perry,tiffanyharrell@howard-wright.com,(187)760-4567x953,Normaborough,Louisiana,2024-10-24
328,Ashley,Wheeler,guzmanerin@yahoo.com,4105084826,West Brandon,Kansas,2024-06-22
329,Melinda,Gilbert,gbrown@flowers-weiss.com,001-205-425-5550x090,Lake Ruth,Oregon,2023-09-21
330,Sarah,Hardin,rotherik@gmail.com,001-092-848-6407x383,Monteshaven,Rhode Island,2025-04-13
331,Edwin,Alexander,xmullen@gmail.com,001-188-412-6560x19307,New Sandra,New Jersey,2025-05-13
332,Katherine,Diaz,allenkelsey@gmail.com,684-495-3780,Greenside,Virginia,2024-04-24
333,Danielle,Howe,melissajohnson@yahoo.com,001-531-630-9262x3519,Jasminefort,Kentucky,2022-12-21
334,Autumn,Fox,yvette17@hotmail.com,241-173-8516,Friedmanside,Massachusetts,2024-08-13
335,Nicole,Russell,scottmorrison@allen.com,+1-450-931-5883x4380,New Sandra,Pennsylvania,2025-01-26
336,Jonathan,Stout,jim13@yahoo.com,371-337-7389,Davidchester,Kansas,2023-02-15
337,Anthony,Phillips,donnawallace@yahoo.com,158.991.9214,East Timothyfort,Texas,2025-04-02
338,Matthew,Walker,gbond@gmail.com,1006519810,East Danielle,Illinois,2024-06-24
339,Stephanie,Taylor,randy49@flores-foley.com,(138)529-5192,Alexiston,Texas,2023-03-17
340,Christine,Mitchell,pughterri@gmail.com,(834)433-1224,Dianachester,Delaware,2024-04-02
341,Lisa,Simpson,ramseylisa@diaz-rice.com,001-178-039-2427,Lake Caitlinside,Hawaii,2024-04-25
342,Angela,Berry,tuckerbrian@rodriguez.com,954.168.9004x27130,New Angelaborough,Missouri,2025-09-10
343,Stacey,Williams,joseph81@yahoo.com,051-614-8955,Port Laurenland,Kansas,2024-03-10
344,Karen,Bullock,raykevin@gmail.com,+1-822-244-4586,Lake Lydia,Alaska,2025-11-16
345,Bryan,Reyes,estone@hotmail.com,+1-824-990-4495x2391,North Victoriafort,Oklahoma,2023-11-04
346,Jack,Collins,heatherday@gmail.com,6895771984,New Matthew,Missouri,2024-04-20
347,Mark,Moore,warrenroberts@mcguire-davidson.biz,114-635-0855,East Karenville,South Carolina,2024-11-16
348,Adam,Jackson,garrettrichard@yahoo.com,038.297.4741x17086,North Carlburgh,South Carolina,2024-10-07
349,Alexander,Cortez,christopher75@russell.com,(882)197-9284x0802,Denisefort,South Dakota,2025-09-27
350,Lindsay,Johnson,bakerchristopher@yahoo.com,(310)621-5873,Nicholastown,Missouri,2025-04-30
351,Amanda,Mckenzie,browneric@yahoo.com,828.468.9483x860,Edwardton,Virginia,2024-05-13
352,Christina,Stewart,bassbrandon@hotmail.com,705-728-4957,Blakefurt,Montana,2024-10-22
353,Kylie,Sawyer,bburns@yahoo.com,+1-139-589-7137x764,Marshallborough,New Hampshire,2023-07-16
354,David,Garcia,carrcory@hotmail.com,+1-465-036-4748x1430,East Christopher,Arkansas,2023-02-06
355,John,Hernandez,catherinetanner@wilson.biz,001-234-227-3798x70063,South Jackson,South Carolina,2024-05-13
356,Christine,Howe,icunningham@cowan.com,(235)532-1625,Rogersmouth,Pennsylvania,2023-12-27
357,Nicole,Montoya,davidwatson@owens-baker.biz,001-076-173-2206x84383,East Christopher,Virginia,2023-05-11
358,Bruce,Richardson,cynthiablankenship@yahoo.com,742-134-7728,Danielsmouth,South Carolina,2025-01-10
359,Kristen,Bailey,claytonedward@crawford.biz,001-954-789-4116x6100,Holdenmouth,Oregon,2025-05-13
360,Justin,Rocha,rwhitney@boyd.info,653-441-8784x2490,East Kurtstad,Washington,2025-07-23
361,Brian,White,floresdeborah@gmail.com,230.605.5708x92176,Port Sierra,Virginia,2025-07-19
362,Susan,Watkins,ryanbyrd@gmail.com,424.093.6610x41114,South Reginaldfort,Delaware,2024-06-22
363,Lawrence,Mitchell,alan46@edwards.com,491-284-6422x20018,North Bryce,South Carolina,2023-04-15
364,Megan,Ruiz,robin47@yahoo.com,1977459430,New Gabriela,Indiana,2023-01-21
365,Kelly,Lopez,margaret42@glass.com,896.192.9194x2641,Lake Marystad,Oregon,2025-07-10
366,Anna,Johnson,nevans@gmail.com,(748)242-9781x6284,Smithland,Connecticut,2023-06-03
367,Preston,Rivera,grichardson@smith.org,+1-253-835-1242x0455,South Jamieburgh,Ohio,2023-08-17
368,Lisa,Morgan,alisonbush@lane.com,154-708-1182,Lake Tarahaven,Hawaii,2024-06-22
369,Jeffrey,Singleton,robertsmolly@flores.com,(683)855-4097x48508,Port Danielletown,Connecticut,2023-09-27
370,Steven,Anderson,sethmiller@buchanan.com,413-783-2926x489,South Robert,Washington,2023-08-12
371,Sarah,Mcmahon,hubbardmonica@oliver.biz,596-169-9328x3624,Kellymouth,West Virginia,2025-02-20
372,Glen,Garcia,mayroger@hotmail.com,9563498217,Lake Sarah,Tennessee,2023-07-08
373,Austin,Herman,millerpaul@hotmail.com,(079)097-5094x728,Port Peterberg,Montana,2024-07-31
374,Daniel,Brock,kaitlyn10@hartman.info,816-304-7495,New Matthewport,Maryland,2025-07-19
375,Paul,Bennett,natalieward@green.com,469.755.8074x770,Gomezside,Iowa,2024-10-10
376,Juan,Rodriguez,scott29@miller.net,101.186.9533,West Amy,Texas,2023-07-21
377,Thomas,Smith,mayerjohn@case-brown.info,968-871-0184x50439,New Heather,Wisconsin,2025-03-08
378,Henry,Mejia,mmills@yahoo.com,853.775.9087x739,Jessicastad,Alaska,2023-06-25
379,Justin,Davis,rebeccajackson@shepherd.com,(657)821-7506,Meltonfort,Minnesota,2024-05-28
380,Angela,Sanders,ashleyboyer@anderson.com,093-954-4691x93859,Jonesside,Nevada,2024-05-13
381,Christopher,Weaver,deanna92@yoder.com,967-245-7710x825,Shellymouth,Georgia,2023-02-17
382,Michael,Davis,qhammond@brown.com,(246)730-1586x6290,Garnerport,Iowa,2024-04-03
383,Kenneth,Shelton,dhunt@price.com,(912)873-3147x6527,Parkberg,Massachusetts,2023-06-28
384,David,Bradford,jeffrey76@gmail.com,+1-060-363-6926x236,Martinstad,Kentucky,2023-09-13
385,Kimberly,Clark,walkerjoseph@dunn-long.com,+1-340-039-0558x811,Hillfurt,New Hampshire,2025-07-01
386,Albert,Malone,chris08@hill.com,(548)166-0378x759,West Michaelhaven,Arkansas,2024-12-25
387,Tiffany,Kim,kimberly14@gmail.com,261-633-3391,Wilcoxstad,New Mexico,2025-02-12
388,Dawn,Rodriguez,bburton@walsh.org,+1-958-911-1166x413,Johnsonside,Rhode Island,2024-01-13
389,Kimberly,Valdez,cedwards@hotmail.com,+1-704-176-6847,Joannberg,Missouri,2024-09-04
390,Jessica,Frederick,emorgan@mcclain.com,+1-580-859-7584,Evansville,West Virginia,2023-10-24
391,Laura,Cervantes,hilljennifer@gmail.com,+1-516-638-1484,Port Katherine,Michigan,2022-12-02
392,Jacob,Martinez,joshuastewart@wise.org,(490)139-6506,West Mike,Kansas,2024-11-01
393,Christine,Black,mark71@yahoo.com,(073)222-7463,Port Dawn,South Carolina,2023-05-27
394,Craig,Gray,cassidy61@stephens-green.org,269-902-7375x47249,Juliatown,Nevada,2025-03-19
395,Susan,Frazier,cindy75@scott.net,095.315.3386,Lake Kevinborough,Oregon,2024-05-11
396,Douglas,Miller,melissa64@gmail.com,474-957-4103x574,North Vickiside,Wyoming,2024-04-26
397,Ann,Berry,andreageorge@yahoo.com,703.522.7704x3567,East Lindsey,Alabama,2024-07-01
398,Jennifer,Parker,andersonkelsey@hotmail.com,001-290-611-3109x798,Joyceport,Wisconsin,2023-09-26
399,Rebekah,Smith,debraevans@carney-smith.biz,+1-030-527-6757x71101,West Sean,Illinois,2023-03-24
400,Laura,Rowe,mark51@gmail.com,7737516553,West Jodibury,Oklahoma,2022-12-31
